DE066039F;+49 4181 9448585;;;;;lruebner@plantan.de;DST;PLANTAN GMBH
DE060169W;+49 39458 86886;;www.landtechnik-langeln.de;;;ltl-langeln@t-online.de;DST;LANDTECHNIK LANGELN GMBH
DE060052W;+49 6421 1684330;;www.ltmgmbh.wix.com/ltmgmbh;;;ltmgmbh@gmx.de;DST;L.T.M. GMBH
DE003955K;49 6205270;;http://www.skf.com/Schmierung;;;lubrication-germany@skf.com;PST;SKF Lubrication Systems Germany GmbH
DE001796K;49 6227330;;http://Lincolnindustrial.com;;;lubrication-germany@skf.com;DST;SKF Lubrication Systems Germany GmbH
DE055854W;+49 451 8994412;;;;;luebeck@hillanddelamain.com;DST;HILL & DELAMAIN TRADING  AB & CO. KG
DE067697W;+49 611 3415 0;;www.rm-trade.de;;;lutz.kraemer@rm-trade.com;DST;RM-TRADE GMBH
DE060955W;+49 3491 400111;;www.lu-wi.de;;;luwivertrieb@gmx.de;DST;LU - WI HAUSHALTS- UND PFLEGEPRODUKTE GMBH
DE053623W;+49 30 63306217;;www.getraenke-lydike.de;;;lydike-getraenke@gmx.de;DST;GETRAENKE-LYDIKE HANDELSGESELLSCHAFT MBH &  CO. KG
DE004121K;49 9099950;;http://www.head.com;;;m.barta@de.head.com;DST;HEAD Germany GmbH
DE043217W;;;www.apex-trading.de;;;m.heubeck@apex-trading.de;DST;APEX TRADING GMBH
DE048575W;+49 2841 93669;;;;;m.jagmann@t-online.de;DST;DC DIREKT CONTAINER WARENHANDELSGESELLSCHAFT MBH & CO. KG
DE061207W;;;m-les-gmbh.business.site;;;m.les.gmbh@gmail.com;CON;M-LES GMBH
DE057910W;+49 2683 986940;;www.ivh-gmbh.de;;;m.napierski@ivh-gmbh.de;DST;IVH GMBH
DE061223W;+49 211 7335492;;www.lkw-naser.eu;;;m.nasergmbh@web.de;DST;M. NASER GMBH
DE063009W;+49 2041 766694;;;;;m.omayrat.gmbh@hotmail.de;DST;MO NUTZFAHRZEUGE GMBH
DE051155W;+49 5307 9516670;;www.eutech.eu;;;m.pirwayssian@eutech.eu;DST;EU TECH EUROPA TECHNOLOGY E.K.
DE057159W;+49 421 4273520;;productos-chilenos.de;;;m.romero@incomag.com;DST;INCOMAG E.K.
DE045301W;+49 9827 9282682;;www.benedict-messtechnik.de;;;m.sammler@benedict-messtechnik.de;DST;BENEDICT GMBH MESSTECHNIK
DE075244W;+49 8238 959579;;www.ziegler-lombach.de;;;m.u.ziegler@t-online.de;DST;ZIEGLER HOLZ GMBH
DE061860W;+49 40 5939190;;www.max-bruhn.de;;;ma.bruhn@max-bruhn.de;DST;MAX BRUHN GMBH
DE068070W;;;www.oehlrich-gmbh.de;;;mac.holstein@t-online.de;DST;RUEDIGER OEHLRICH GESELLSCHAFT MIT BESCHRAENKTER HAFTUNG
DE002497K;49 83060;;http://www.miltenyibiotec.de;;;macs@miltenyibiotec.de;PST;Miltenyi Biotec GmbH
DE062620W;+45 6022 9825;;www.car-group.dk;;;mads@car-group.dk;DST;MGROUPCARS GMBH
DE061364W;+49 89 7472750;;www.muendlein.com;;;magdalena@muendlein.com;DST;MAGDALENA MUENDLEIN KARTOFFELGROSSHANDELSGESELLSCHAFT - GMBH & CO. KG
DE051573E;+49 6042 81 0;;;;;mahnungen.ssc@exide.com;DST;EXIDE TECHNOLOGIES GMBH
DE046539F;+49 345 68253222;;;;;maik.ulmschneider@bdsgroup.de;PST;BUSINESS DISCOVERY SERVICES E. K.
DE058193F;+49 40 63801 0;;;;;mail.jet-tankstellen@p66.com;DST;JET TANKSTELLEN DEUTSCHLAND GMBH
DE001979K;49 963248;;http://www.a1-productdesign.com;;;mail@a1-productdesign.com;PST;A1 PRODUCTDESIGN Reindl + Partner GmbH
DE042394W;+49 5232 955245;;www.alca-online.de;;;mail@alca-online.de;DST;ALCA ALUMINIUMPRODUKTE GMBH
DE042416W;+49 8092 8299 0;;www.aldi-sued.de;;;mail@aldi-sued.de;DST;ALDI GMBH & CO. KOMMANDITGESELLSCHAFT
DE042557W;;;www.alldrink.de;;;mail@alldrink.de;DST;ALL DRINK GMBH
DE042568W;+49 431 5458 407;;www.all-fish.de;;;mail@all-fish.de;DST;ALL-FISH HANDELSGESELLSCHAFT MBH
DE059015W;;;www.allsense.org;;;mail@allsense.org;DST;KAWASHIMA GMBH
DE042815W;+49 30 57701634 1;;www.aluso.de;;;mail@aluso.de;DST;ALUSO GMBH
DE043251F;+49 30 6098197 90;;;;;mail@appyourself.net;ICT;APPYOURSELF GMBH
DE043398W;+49 40 357115 80;;www.argentum.de;;;mail@argentum.de;DST;ARGENTUM EK
DE045262W;;;www.belle-epoque.de;;;mail@belle-epoque.de;PST;BELLE EPOQUE INGBAU GMBH
DE045449W;;;www.besserinternational.com;;;mail@besserinternational.com;PST;BESSER INTERNATIONAL GMBH
DE003305K;49 4018190525;;http://www.bridge2culture.de;;;mail@bridge2culture.de;PST;Bridge2Culture
DE044526W;+49 2696 665;;www.buj-strohbau.de;;;mail@buj-strohbau.de;DST;B&J STROHBAU LIMITED
DE003520K;49 370288;;http://www.cetron.de;;;mail@cetron.de;ICT;ce.tron Gesellschaft für Hard- & Softwaretechnik mbH
DE047380W;+49 2932 429108;;www.christiani-chemie.de;;;mail@christiani-chemie.de;DST;CHRISTIANI CHEMIE GMBH
DE047505W;+49 6073 6307596;;www.classic-car-collection.eu;;;mail@classic-car-collection.eu;DST;CLASSIC CONCEPT GMBH
DE047587W;+49 40 63311067;;www.cne-automation.de;;;mail@cne-automation.de;PST;CNE AUTOMATION GMBH
DE004354K;49 5980;;http://www.ctcadvanced.com;;;mail@ctcadvanced.com;PST;CTC advanced GmbH
DE049013W;+49 5132 832810;;www.deupol.de;;;mail@deupol.de;DST;DEUPOL GMBH BUNTMETALLE
DE049822W;+49 2104 33013;;;;;mail@duhaco.de;DST;DUHACO HANDELS- UND CONSULTING GMBH
DE002210K;49 913590;;http://www.emogummi.de;;;mail@emogummi.de;DST;EMOflexx Industrietechnik GmbH
DE051027W;;;;;;mail@esellers-logistix.com;DST;ESELLERS GLOBAL LTD.
DE051085W;+49 7851 93950;;www.estilo-europe.com;;;mail@estilo-europe.com;DST;ESTILO SALES EUROPE GMBH
DE051388W;+49 40 4313555 0;;;;;mail@euronig.de;DST;EURONIG WARENHANDELS-GMBH
DE051396F;+49 6181 9866 0;;;;;mail@europcell.de;DST;EUROPCELL GMBH
DE051650F;+49 521 98871 80;;;;;mail@extrachem.de;DST;EXTRACHEM GMBH
DE051968W;+49 7044 9158060;;www.fehlmann.com;;;mail@fehlmann.com;DST;FEHLMANN GMBH
DE055222W;+49 2242 5055;;www.harry-heins.de;;;mail@harry-heins.de;DST;HARRY HEINS & CO OHG
DE055237F;+49 30 390493 0;;;;;mail@hartung.de;ICT;HARTUNG CONSULT GMBH
DE055684F;+49 2561 689 02;;;;;mail@herholz.de;DST;HERHOLZ VERTRIEB GMBH & CO. KG
DE055801W;;;www.hgp-sanpolo.com;;;mail@hgp-sanpolo.com;DST;HGP SAN POLO HANDELSKONTOR GMBH
DE054944W;+49 2381 9565 91;;www.hkb.gmbh;;;mail@hkb.gmbh;CON;HAMMER KOMPLETT BAU GMBH
DE003030K;49 64710;;http://www.honig-media.de;;;mail@honig-media.de;PST;Honig Media Stiftung
DE071509W;+49 541 9584 0;;www.hr-group.de;;;mail@hr-group.info;DST;TERRA NON-FOOD GMBH
DE002994K;49 6650;;http://www.humanoptics.com;;;mail@humanoptics.com;PST;HumanOptics AG
DE057274W;+49 34298 733080;;www.ib-oehmichen.de;;;mail@ib-oehmichen.de;PST;INGENIEURBUERO OEHMICHEN GMBH
DE003932K;49 364386490;;https://www.ibu-tec.com/;;;mail@ibu-tec.de;PST;IBU-tec advanced materials AG
DE056841W;+49 40 73464505;;www.igar.de;;;mail@igar.de;DST;IGAR GMBH
DE057245W;+49 89 88908931;;www.infoquestcs.com;;;mail@infoquestcs.com;ICT;INFOQUEST GMBH
DE057455W;+49 40 335442;;www.itchh.de;;;mail@itchh.de;DST;INTER TRADE CONSULT NORD GMBH
DE001974K;49 393350;;http://www.ito-design.com;;;mail@ito-design.com;PST;Armin Sander Design und Marketing
DE058087W;+49 4141 9807 0;;www.jap.de;;;mail@jap.de;DST;JAP JAPAN AUTO PARTS LAGEREI- UND VERSANDGESELLSCHAFT MIT BESCHRAENKTER HAFTUNG
DE058518W;+49 211 376077;;www.jung-volke.de;;;mail@jung-volke.de;DST;JUNG & VOLKE E.K., INHABER FRANK SCHNURBUSCH
DE053865W;;;www.kk-media.net;;;mail@kk-media.net;PST;GLOBAL MEDIA UG (HAFTUNGSBESCHRAENKT)
DE003021K;49 761137630;;http://de.kompass.com;;;mail@kompass-info.de;PST;Kompass GmbH
DE059748F;+49 441 920890;;;;;mail@kreidler.net;DST;KREIDLER ZWEIRAD-GESELLSCHAFT M.B.H.
DE059827F;+49 2154 89108 0;;;;;mail@ksi.eu;DST;KSI FILTERTECHNIK GMBH
DE059868W;+49 5251 877689 0;;www.tapeziertische-deutschland.de;;;mail@kuehnelgmbh.de;DST;KUEHNEL GMBH
DE060237W;+49 40 7679519 0;;laute-muxfeld.de;;;mail@laute-muxfeld.de;DST;LAUTE & MUXFELD GMBH & CO. KG
DE068409W;+49 9221 4078088;;www.lebensraum-kueche-bad.de;;;mail@lebensraum-kueche-bad.de;DST;SAMAG NATURSTEINE GMBH
DE060812W;+49 212 38296925;;www.loewenwerk.de;;;mail@loewenwerk.de;CON;LOEWENWERK GMBH
DE050933W;+49 4122 92590;;www.luttkau.de;;;mail@luttkau.de;DST;ERHARD LUTTKAU GMBH
DE057621W;+49 241 99122140;;www.marimo24.com;;;mail@marimo24.com;DST;INTRABEL LIMITED
DE061855F;+49 8654 491 0;;;;;mail@max-aicher.de;CON;MAX AICHER GMBH & CO. KG
DE062229W;+49 89 45452418;;www.mediterraneum.info;;;mail@mediterraneum.info;DST;MEDITERRANEUM GMBH
DE062234W;;;www.medizina-natura.com;;;mail@medizina-natura.com;DST;MEDIZINA NATURA GMBH, NATURPRODUKTE-KRAEUTER U. ANDERE NATURSTOFFE +
DE062397W;+49 2327 9455 0;;www.mepa-metallhandel.de;;;mail@mepa-metallhandel.de;DST;MEPA METALLHANDELS-PARTNER GMBH & CO. KG
DE045260W;+49 2871 2703 0;;www.microfaser.de;;;mail@microfaser.de;DST;BELLANET GMBH
DE062758W;+49 40 39998928;;www.footwearstocklots.com;;;mail@miladexport.com;DST;MILAD IMPORT EXPORT GMBH
DE062937W;;;;;;mail@mj-networks-gmbh.de;ICT;MJ NETWORKS GMBH
DE003506K;49 56780;;http://www.mn-kaltform.de;;;mail@mn-kaltform.de;DST;MN Kaltformteile Märkische Nietenfabrik GmbH & Co. KG
DE063306W;+49 4293 7899198;;www.mpw-germany.com;;;mail@mpw-germany.com;DST;MPW CONSTRUCTION MACHINERY GMBH & CO. KG
DE003450K;49 5806000;;http://www.nuga.de;;;mail@nuga.eu;DST;NUGA Import Export GmbH
DE004007K;49 597670;;http://www.oktalite.com;;;mail@oktalite.com;PST;Oktalite Lichttechnik GmbH
DE069097W;+49 30 4758291;;www.olaf-segler.de;;;mail@olaf-segler.de;DST;SEGLER - KAROSSERIE FAHRZEUGBAU GMBH
DE064986W;+49 211 3830990;;www.opus-sonnenschutz.de;;;mail@opus-sonnenschutz.de;DST;OPUS DEUTSCHLAND GMBH
DE065180W;+49 5232 3256;;www.otto-schmidt.com;;;mail@otto-schmidt.com;DST;OTTO SCHMIDT GMBH IMPORT -EXPORT
DE053280W;+49 40 863916;;www.paprottka.com;;;mail@paprottka.com;DST;GEBR. PAPROTTKA KOMMANDITGESELLSCHAFT FUER INDUSTRIEERZEUGNISSE
DE053279W;+49 40 863916;;www.paprottka.com;;;mail@paprottka.com;DST;GEBR. PAPROTTKA G.M.B.H.
DE002773K;49 709150;;http://www.paramix.com;;;mail@paramix.com;ICT;Paramix e.K.
DE003591K;49 88046086;;http://www.petersrail.eu;;;mail@petersrail.eu;PST;PetersRail
DE004045K;49 99600;;http://www.plasmatreat.de;;;mail@plasmatreat.de;DST;Plasmatreat GmbH
DE066628W;+49 2405 452880;;www.protec.info;;;mail@protec.info;DST;PROTEC INDUSTRIEBEDARF GMBH
DE067179W;+49 38378 22500;;www.reba.de;;;mail@reba.de;DST;REBA WARENVERTRIEBS-GMBH
DE051698E;+49 40 85363 0;;;;;mail@reyer.de;DST;F. REYHER NCHFG. GMBH & CO. KG
